year;issue;topic;article;text
2019;1;Life in Prison;A Day in the Life of a Prisoner;Every day is a new challenge behind these walls. Here's how I manage to stay hopeful.
2020;2;Rehabilitation;New Opportunities for Rehabilitation;Rehabilitation programs have changed my outlook on life. The new initiative is promising.
2021;3;Education;Education Programs Behind Bars;Educational programs have opened doors for many inmates. Here's why they matter.
2022;4;Art and Creativity;Exploring Creativity in Confinement;Art has been a way for me to express my thoughts and emotions. It's liberating.
2023;5;Mental Health;Coping with Mental Health in Isolation;Mental health is a significant issue in prison, but support is available.
2020;2;Family Connections;Strengthening Bonds with Family;Staying connected with family is hard, but letters and visits keep us together.
2021;1;Life in Prison;Challenges of Prison Life;Prison life comes with its own set of difficulties, but resilience keeps us going.
2022;3;Art and Creativity;The Power of Storytelling;Storytelling helps us share our experiences and heal.
2023;4;Education;Skills Learned in Prison;Prison taught me skills I never thought I'd learn, like carpentry and painting.
2019;1;Mental Health;Breaking the Cycle of Crime;Breaking free from the cycle of crime starts with self-reflection and education.
